Headline,Sentiment
"Little frog, bigger pond: Poland’s stockmarket has a hot new entrant",Neutral
"Smaller UK firms need help to end 'doom loop', think tank says",Neutral
Nifty and Bank Nifty Prediction for the week 30 Sep’24 to 04 Oct’24 by BL GURU,Positive
Live: ASX 200 near record highs as data set to shed light on consumption and confidence,Positive
Stocks: Why the American stockmarket reigns supreme,Positive
Buttonwood: Why investors should still avoid Chinese stocks,Negative
"Smaller UK firms need help to end 'doom loop', think tank says",Neutral
A new book reveals much of Trump’s success is based on a myth he is a self-made billionaire,Positive
Elon Musk is on track to become a trillionaire by 2027. Here's why the rich keep getting richer,Positive
